noise_level,noise_model,kappa,res_size,seed,effective_kappa,method,final_be,pass_fail
0.0,b_only,1000000.0,1e-06,0,1000000.0,iter_sketch_mom,6.983065255217613e-15,0
0.0,b_only,1000000.0,1e-06,0,1000000.0,sketch_pre_cold,2.0627939209318584e-09,0
0.0,b_only,1000000.0,1e-06,0,1000000.0,sketch_pre_warm,5.79208167741713e-17,1
0.0,b_only,1000000.0,1e-06,0,1000000.0,fossils,4.618417540537649e-18,1
0.0,b_only,1000000.0,1e-06,0,1000000.0,spir,8.638795338065432e-18,1
0.0,b_only,1000000.0,1e-06,0,1000000.0,qr_ref,0.0,1
0.0,b_only,1000000.0,1e-06,1,1000000.0,iter_sketch_mom,3.9455998603110905e-15,0
0.0,b_only,1000000.0,1e-06,1,1000000.0,sketch_pre_cold,2.6793807965419774e-09,0
0.0,b_only,1000000.0,1e-06,1,1000000.0,sketch_pre_warm,3.397912949305859e-17,1
0.0,b_only,1000000.0,1e-06,1,1000000.0,fossils,5.335835576024358e-18,1
0.0,b_only,1000000.0,1e-06,1,1000000.0,spir,7.895507665487789e-18,1
0.0,b_only,1000000.0,1e-06,1,1000000.0,qr_ref,0.0,1
0.0,b_only,1000000.0,1e-06,2,1000000.0,iter_sketch_mom,1.88419311724802e-13,0
0.0,b_only,1000000.0,1e-06,2,1000000.0,sketch_pre_cold,6.766518332442819e-10,0
0.0,b_only,1000000.0,1e-06,2,1000000.0,sketch_pre_warm,3.2063697470527704e-17,1
0.0,b_only,1000000.0,1e-06,2,1000000.0,fossils,6.793418004780867e-18,1
0.0,b_only,1000000.0,1e-06,2,1000000.0,spir,1.3889886324359226e-17,1
0.0,b_only,1000000.0,1e-06,2,1000000.0,qr_ref,0.0,1
0.0,b_only,1000000.0,1e-06,3,1000000.0,iter_sketch_mom,2.770143857977387e-15,0
0.0,b_only,1000000.0,1e-06,3,1000000.0,sketch_pre_cold,1.1344262596744172e-09,0
0.0,b_only,1000000.0,1e-06,3,1000000.0,sketch_pre_warm,1.6271660521674848e-17,1
0.0,b_only,1000000.0,1e-06,3,1000000.0,fossils,5.973083942433782e-18,1
0.0,b_only,1000000.0,1e-06,3,1000000.0,spir,8.164922263325484e-18,1
0.0,b_only,1000000.0,1e-06,3,1000000.0,qr_ref,0.0,1
0.0,b_only,1000000.0,1e-06,4,1000000.0,iter_sketch_mom,4.111157640698947e-15,0
0.0,b_only,1000000.0,1e-06,4,1000000.0,sketch_pre_cold,8.626773773180135e-10,0
0.0,b_only,1000000.0,1e-06,4,1000000.0,sketch_pre_warm,4.968876189028606e-17,1
0.0,b_only,1000000.0,1e-06,4,1000000.0,fossils,5.180458737679271e-18,1
0.0,b_only,1000000.0,1e-06,4,1000000.0,spir,1.2944799006601242e-17,1
0.0,b_only,1000000.0,1e-06,4,1000000.0,qr_ref,0.0,1
0.0,b_only,1000000.0,1e-06,5,1000000.0,iter_sketch_mom,8.240361044806635e-15,0
0.0,b_only,1000000.0,1e-06,5,1000000.0,sketch_pre_cold,4.086880689030402e-10,0
0.0,b_only,1000000.0,1e-06,5,1000000.0,sketch_pre_warm,3.347738367121599e-17,1
0.0,b_only,1000000.0,1e-06,5,1000000.0,fossils,6.059097211082345e-18,1
0.0,b_only,1000000.0,1e-06,5,1000000.0,spir,1.1363311825500625e-17,1
0.0,b_only,1000000.0,1e-06,5,1000000.0,qr_ref,0.0,1
0.0,b_only,1000000.0,1e-06,6,1000000.0,iter_sketch_mom,2.883787381011015e-12,0
0.0,b_only,1000000.0,1e-06,6,1000000.0,sketch_pre_cold,2.4894375808075075e-10,0
0.0,b_only,1000000.0,1e-06,6,1000000.0,sketch_pre_warm,1.8598339151453062e-17,1
0.0,b_only,1000000.0,1e-06,6,1000000.0,fossils,7.341293811392839e-18,1
0.0,b_only,1000000.0,1e-06,6,1000000.0,spir,3.504370390251351e-18,1
0.0,b_only,1000000.0,1e-06,6,1000000.0,qr_ref,0.0,1
0.0,b_only,1000000.0,1e-06,7,1000000.0,iter_sketch_mom,2.3504358934748016e-13,0
0.0,b_only,1000000.0,1e-06,7,1000000.0,sketch_pre_cold,3.3519151907678557e-09,0
0.0,b_only,1000000.0,1e-06,7,1000000.0,sketch_pre_warm,6.015289362567075e-17,1
0.0,b_only,1000000.0,1e-06,7,1000000.0,fossils,8.239583083532533e-18,1
0.0,b_only,1000000.0,1e-06,7,1000000.0,spir,1.6127975656985124e-17,1
0.0,b_only,1000000.0,1e-06,7,1000000.0,qr_ref,0.0,1
0.0,b_only,1000000.0,1e-06,8,1000000.0,iter_sketch_mom,3.929198041487147e-15,0
0.0,b_only,1000000.0,1e-06,8,1000000.0,sketch_pre_cold,5.927878043532273e-10,0
0.0,b_only,1000000.0,1e-06,8,1000000.0,sketch_pre_warm,4.286009161382206e-17,1
0.0,b_only,1000000.0,1e-06,8,1000000.0,fossils,1.0833691128434781e-17,1
0.0,b_only,1000000.0,1e-06,8,1000000.0,spir,9.484224997191423e-18,1
0.0,b_only,1000000.0,1e-06,8,1000000.0,qr_ref,0.0,1
0.0,b_only,1000000.0,1e-06,9,1000000.0,iter_sketch_mom,4.6304862488539e-15,0
0.0,b_only,1000000.0,1e-06,9,1000000.0,sketch_pre_cold,7.698334629581131e-09,0
0.0,b_only,1000000.0,1e-06,9,1000000.0,sketch_pre_warm,3.50216971292416e-17,1
0.0,b_only,1000000.0,1e-06,9,1000000.0,fossils,5.494683159924232e-18,1
0.0,b_only,1000000.0,1e-06,9,1000000.0,spir,1.4646483114046376e-17,1
0.0,b_only,1000000.0,1e-06,9,1000000.0,qr_ref,0.0,1
0.0,b_only,1000000000000.0,1e-06,0,1000000000000.0,iter_sketch_mom,4.87998044777749e-15,0
0.0,b_only,1000000000000.0,1e-06,0,1000000000000.0,sketch_pre_cold,5.761791406602815e-12,0
0.0,b_only,1000000000000.0,1e-06,0,1000000000000.0,sketch_pre_warm,6.118787687614168e-17,1
0.0,b_only,1000000000000.0,1e-06,0,1000000000000.0,fossils,1.3155287664873971e-17,1
0.0,b_only,1000000000000.0,1e-06,0,1000000000000.0,spir,6.173682973338983e-18,1
0.0,b_only,1000000000000.0,1e-06,0,1000000000000.0,qr_ref,0.0,1
0.0,b_only,1000000000000.0,1e-06,1,1000000000000.0,iter_sketch_mom,3.584938620715587e-15,0
0.0,b_only,1000000000000.0,1e-06,1,1000000000000.0,sketch_pre_cold,5.229238865174196e-12,0
0.0,b_only,1000000000000.0,1e-06,1,1000000000000.0,sketch_pre_warm,1.708150735179152e-17,1
0.0,b_only,1000000000000.0,1e-06,1,1000000000000.0,fossils,4.5018105380232355e-18,1
0.0,b_only,1000000000000.0,1e-06,1,1000000000000.0,spir,1.8919593974255033e-17,1
0.0,b_only,1000000000000.0,1e-06,1,1000000000000.0,qr_ref,0.0,1
0.0,b_only,1000000000000.0,1e-06,2,1000000000000.0,iter_sketch_mom,2.7536814997287647e-13,0
0.0,b_only,1000000000000.0,1e-06,2,1000000000000.0,sketch_pre_cold,4.6940832131853175e-12,0
0.0,b_only,1000000000000.0,1e-06,2,1000000000000.0,sketch_pre_warm,2.983644474561294e-17,1
0.0,b_only,1000000000000.0,1e-06,2,1000000000000.0,fossils,6.52425543841762e-18,1
0.0,b_only,1000000000000.0,1e-06,2,1000000000000.0,spir,3.7455037906105015e-18,1
0.0,b_only,1000000000000.0,1e-06,2,1000000000000.0,qr_ref,0.0,1
0.0,b_only,1000000000000.0,1e-06,3,1000000000000.0,iter_sketch_mom,1.9482696396032026e-15,0
0.0,b_only,1000000000000.0,1e-06,3,1000000000000.0,sketch_pre_cold,5.759863643966688e-12,0
0.0,b_only,1000000000000.0,1e-06,3,1000000000000.0,sketch_pre_warm,3.8350365560870864e-17,1
0.0,b_only,1000000000000.0,1e-06,3,1000000000000.0,fossils,5.887963325614071e-18,1
0.0,b_only,1000000000000.0,1e-06,3,1000000000000.0,spir,3.53429792504139e-18,1
0.0,b_only,1000000000000.0,1e-06,3,1000000000000.0,qr_ref,0.0,1
0.0,b_only,1000000000000.0,1e-06,4,1000000000000.0,iter_sketch_mom,3.734041117122051e-15,0
0.0,b_only,1000000000000.0,1e-06,4,1000000000000.0,sketch_pre_cold,5.7460131235699835e-12,0
0.0,b_only,1000000000000.0,1e-06,4,1000000000000.0,sketch_pre_warm,1.547334588602408e-17,1
0.0,b_only,1000000000000.0,1e-06,4,1000000000000.0,fossils,1.1528502020003338e-17,1
0.0,b_only,1000000000000.0,1e-06,4,1000000000000.0,spir,1.0614694142468485e-17,1
0.0,b_only,1000000000000.0,1e-06,4,1000000000000.0,qr_ref,0.0,1
0.0,b_only,1000000000000.0,1e-06,5,1000000000000.0,iter_sketch_mom,3.2699782295955106e-15,0
0.0,b_only,1000000000000.0,1e-06,5,1000000000000.0,sketch_pre_cold,4.391691070628511e-12,0
0.0,b_only,1000000000000.0,1e-06,5,1000000000000.0,sketch_pre_warm,1.5913734079031146e-17,1
0.0,b_only,1000000000000.0,1e-06,5,1000000000000.0,fossils,4.768123586653818e-18,1
0.0,b_only,1000000000000.0,1e-06,5,1000000000000.0,spir,6.552495792996671e-18,1
0.0,b_only,1000000000000.0,1e-06,5,1000000000000.0,qr_ref,0.0,1
0.0,b_only,1000000000000.0,1e-06,6,1000000000000.0,iter_sketch_mom,2.0235796542826217e-12,0
0.0,b_only,1000000000000.0,1e-06,6,1000000000000.0,sketch_pre_cold,3.832057878180968e-12,0
0.0,b_only,1000000000000.0,1e-06,6,1000000000000.0,sketch_pre_warm,1.2527587180550327e-17,1
0.0,b_only,1000000000000.0,1e-06,6,1000000000000.0,fossils,3.912193099589186e-18,1
0.0,b_only,1000000000000.0,1e-06,6,1000000000000.0,spir,1.3703801057661254e-17,1
0.0,b_only,1000000000000.0,1e-06,6,1000000000000.0,qr_ref,0.0,1
0.0,b_only,1000000000000.0,1e-06,7,1000000000000.0,iter_sketch_mom,2.5135679590036517e-13,0
0.0,b_only,1000000000000.0,1e-06,7,1000000000000.0,sketch_pre_cold,5.478667190903124e-12,0
0.0,b_only,1000000000000.0,1e-06,7,1000000000000.0,sketch_pre_warm,6.822689988418773e-17,1
0.0,b_only,1000000000000.0,1e-06,7,1000000000000.0,fossils,1.2116557599686549e-17,1
0.0,b_only,1000000000000.0,1e-06,7,1000000000000.0,spir,9.912985307654199e-18,1
0.0,b_only,1000000000000.0,1e-06,7,1000000000000.0,qr_ref,0.0,1
0.0,b_only,1000000000000.0,1e-06,8,1000000000000.0,iter_sketch_mom,3.232460144632848e-15,0
0.0,b_only,1000000000000.0,1e-06,8,1000000000000.0,sketch_pre_cold,3.4232852053337794e-12,0
0.0,b_only,1000000000000.0,1e-06,8,1000000000000.0,sketch_pre_warm,3.081977787726683e-17,1
0.0,b_only,1000000000000.0,1e-06,8,1000000000000.0,fossils,1.2983672373573284e-17,1
0.0,b_only,1000000000000.0,1e-06,8,1000000000000.0,spir,4.951988717859536e-18,1
0.0,b_only,1000000000000.0,1e-06,8,1000000000000.0,qr_ref,0.0,1
0.0,b_only,1000000000000.0,1e-06,9,1000000000000.0,iter_sketch_mom,3.787952689547969e-15,0
0.0,b_only,1000000000000.0,1e-06,9,1000000000000.0,sketch_pre_cold,3.998548363807729e-12,0
0.0,b_only,1000000000000.0,1e-06,9,1000000000000.0,sketch_pre_warm,1.8466410671034743e-17,1
0.0,b_only,1000000000000.0,1e-06,9,1000000000000.0,fossils,5.87582702723985e-18,1
0.0,b_only,1000000000000.0,1e-06,9,1000000000000.0,spir,1.0963534881124812e-17,1
0.0,b_only,1000000000000.0,1e-06,9,1000000000000.0,qr_ref,0.0,1
0.001,a_and_b,1000000.0,1e-06,0,4865.075130759405,iter_sketch_mom,4.7116235499313e-15,0
0.001,a_and_b,1000000.0,1e-06,0,4865.075130759405,sketch_pre_cold,1.623182864976685e-09,0
0.001,a_and_b,1000000.0,1e-06,0,4865.075130759405,sketch_pre_warm,9.179753102592668e-14,0
0.001,a_and_b,1000000.0,1e-06,0,4865.075130759405,fossils,9.847389572174934e-18,1
0.001,a_and_b,1000000.0,1e-06,0,4865.075130759405,spir,1.1547148946128944e-17,1
0.001,a_and_b,1000000.0,1e-06,0,4865.075130759405,qr_ref,0.0,1
0.001,a_and_b,1000000.0,1e-06,1,4895.972816978331,iter_sketch_mom,3.998417021346998e-15,0
0.001,a_and_b,1000000.0,1e-06,1,4895.972816978331,sketch_pre_cold,1.0786218132229884e-09,0
0.001,a_and_b,1000000.0,1e-06,1,4895.972816978331,sketch_pre_warm,2.2120030272019726e-13,0
0.001,a_and_b,1000000.0,1e-06,1,4895.972816978331,fossils,9.63541734996927e-18,1
0.001,a_and_b,1000000.0,1e-06,1,4895.972816978331,spir,1.2031037026204724e-17,1
0.001,a_and_b,1000000.0,1e-06,1,4895.972816978331,qr_ref,0.0,1
0.001,a_and_b,1000000.0,1e-06,2,4877.769785695579,iter_sketch_mom,5.8064912589858996e-15,0
0.001,a_and_b,1000000.0,1e-06,2,4877.769785695579,sketch_pre_cold,1.5434114925544977e-09,0
0.001,a_and_b,1000000.0,1e-06,2,4877.769785695579,sketch_pre_warm,1.6534381133098555e-13,0
0.001,a_and_b,1000000.0,1e-06,2,4877.769785695579,fossils,1.323397407152972e-17,1
0.001,a_and_b,1000000.0,1e-06,2,4877.769785695579,spir,1.0955235871595504e-17,1
0.001,a_and_b,1000000.0,1e-06,2,4877.769785695579,qr_ref,0.0,1
0.001,a_and_b,1000000.0,1e-06,3,4905.408545693673,iter_sketch_mom,1.1310377755450334e-14,0
0.001,a_and_b,1000000.0,1e-06,3,4905.408545693673,sketch_pre_cold,9.189715124491524e-10,0
0.001,a_and_b,1000000.0,1e-06,3,4905.408545693673,sketch_pre_warm,3.60980285606002e-13,0
0.001,a_and_b,1000000.0,1e-06,3,4905.408545693673,fossils,9.304089556657117e-18,1
0.001,a_and_b,1000000.0,1e-06,3,4905.408545693673,spir,7.245370981907395e-18,1
0.001,a_and_b,1000000.0,1e-06,3,4905.408545693673,qr_ref,0.0,1
0.001,a_and_b,1000000.0,1e-06,4,4854.060103962044,iter_sketch_mom,4.308654575794699e-15,0
0.001,a_and_b,1000000.0,1e-06,4,4854.060103962044,sketch_pre_cold,2.106011826468452e-09,0
0.001,a_and_b,1000000.0,1e-06,4,4854.060103962044,sketch_pre_warm,6.806681111213288e-13,0
0.001,a_and_b,1000000.0,1e-06,4,4854.060103962044,fossils,1.329325101313457e-17,1
0.001,a_and_b,1000000.0,1e-06,4,4854.060103962044,spir,1.0240608240977015e-17,1
0.001,a_and_b,1000000.0,1e-06,4,4854.060103962044,qr_ref,0.0,1
0.001,a_and_b,1000000.0,1e-06,5,4912.977826835713,iter_sketch_mom,3.3443216090107803e-14,0
0.001,a_and_b,1000000.0,1e-06,5,4912.977826835713,sketch_pre_cold,5.056002355013075e-10,0
0.001,a_and_b,1000000.0,1e-06,5,4912.977826835713,sketch_pre_warm,1.7357470169687303e-13,0
0.001,a_and_b,1000000.0,1e-06,5,4912.977826835713,fossils,9.67890915255712e-18,1
0.001,a_and_b,1000000.0,1e-06,5,4912.977826835713,spir,1.377625074704498e-17,1
0.001,a_and_b,1000000.0,1e-06,5,4912.977826835713,qr_ref,0.0,1
0.001,a_and_b,1000000.0,1e-06,6,4858.594679167118,iter_sketch_mom,3.2931497137332633e-15,0
0.001,a_and_b,1000000.0,1e-06,6,4858.594679167118,sketch_pre_cold,7.595033936367635e-10,0
0.001,a_and_b,1000000.0,1e-06,6,4858.594679167118,sketch_pre_warm,1.1792584071760524e-12,0
0.001,a_and_b,1000000.0,1e-06,6,4858.594679167118,fossils,1.1205400919049921e-17,1
0.001,a_and_b,1000000.0,1e-06,6,4858.594679167118,spir,1.0353661309817309e-17,1
0.001,a_and_b,1000000.0,1e-06,6,4858.594679167118,qr_ref,0.0,1
0.001,a_and_b,1000000.0,1e-06,7,4872.6333451265355,iter_sketch_mom,1.3803393664410897e-14,0
0.001,a_and_b,1000000.0,1e-06,7,4872.6333451265355,sketch_pre_cold,1.61730814383337e-08,0
0.001,a_and_b,1000000.0,1e-06,7,4872.6333451265355,sketch_pre_warm,1.5193162020074644e-12,0
0.001,a_and_b,1000000.0,1e-06,7,4872.6333451265355,fossils,1.3303779183288675e-17,1
0.001,a_and_b,1000000.0,1e-06,7,4872.6333451265355,spir,1.4830719938114147e-17,1
0.001,a_and_b,1000000.0,1e-06,7,4872.6333451265355,qr_ref,0.0,1
0.001,a_and_b,1000000.0,1e-06,8,4929.003886194543,iter_sketch_mom,4.701213463089642e-15,0
0.001,a_and_b,1000000.0,1e-06,8,4929.003886194543,sketch_pre_cold,8.773450289566906e-10,0
0.001,a_and_b,1000000.0,1e-06,8,4929.003886194543,sketch_pre_warm,1.3618436754533625e-13,0
0.001,a_and_b,1000000.0,1e-06,8,4929.003886194543,fossils,9.100753167973094e-18,1
0.001,a_and_b,1000000.0,1e-06,8,4929.003886194543,spir,9.153321243472257e-18,1
0.001,a_and_b,1000000.0,1e-06,8,4929.003886194543,qr_ref,0.0,1
0.001,a_and_b,1000000.0,1e-06,9,4871.117433318262,iter_sketch_mom,4.587527135888362e-11,0
0.001,a_and_b,1000000.0,1e-06,9,4871.117433318262,sketch_pre_cold,6.246478911532294e-09,0
0.001,a_and_b,1000000.0,1e-06,9,4871.117433318262,sketch_pre_warm,8.947454188581411e-13,0
0.001,a_and_b,1000000.0,1e-06,9,4871.117433318262,fossils,1.2620688404359702e-17,1
0.001,a_and_b,1000000.0,1e-06,9,4871.117433318262,spir,1.828796356348055e-17,1
0.001,a_and_b,1000000.0,1e-06,9,4871.117433318262,qr_ref,0.0,1
0.001,a_and_b,1000000000000.0,1e-06,0,6220.47870293674,iter_sketch_mom,3.4601535042172793e-10,0
0.001,a_and_b,1000000000000.0,1e-06,0,6220.47870293674,sketch_pre_cold,2.104381226740636e-09,0
0.001,a_and_b,1000000000000.0,1e-06,0,6220.47870293674,sketch_pre_warm,3.5144988757972677e-13,0
0.001,a_and_b,1000000000000.0,1e-06,0,6220.47870293674,fossils,1.2323495632917763e-17,1
0.001,a_and_b,1000000000000.0,1e-06,0,6220.47870293674,spir,1.4054954499065058e-17,1
0.001,a_and_b,1000000000000.0,1e-06,0,6220.47870293674,qr_ref,0.0,1
0.001,a_and_b,1000000000000.0,1e-06,1,6258.9466911636855,iter_sketch_mom,4.7066083026640484e-15,0
0.001,a_and_b,1000000000000.0,1e-06,1,6258.9466911636855,sketch_pre_cold,9.157818064321096e-10,0
0.001,a_and_b,1000000000000.0,1e-06,1,6258.9466911636855,sketch_pre_warm,3.256323699775679e-13,0
0.001,a_and_b,1000000000000.0,1e-06,1,6258.9466911636855,fossils,1.0861363460260405e-17,1
0.001,a_and_b,1000000000000.0,1e-06,1,6258.9466911636855,spir,1.3924782356494746e-17,1
0.001,a_and_b,1000000000000.0,1e-06,1,6258.9466911636855,qr_ref,0.0,1
0.001,a_and_b,1000000000000.0,1e-06,2,6267.2172306485445,iter_sketch_mom,6.37728168155133e-15,0
0.001,a_and_b,1000000000000.0,1e-06,2,6267.2172306485445,sketch_pre_cold,2.3814471223383774e-09,0
0.001,a_and_b,1000000000000.0,1e-06,2,6267.2172306485445,sketch_pre_warm,6.993359475628041e-13,0
0.001,a_and_b,1000000000000.0,1e-06,2,6267.2172306485445,fossils,5.472373038780605e-15,0
0.001,a_and_b,1000000000000.0,1e-06,2,6267.2172306485445,spir,1.1767026267395729e-17,1
0.001,a_and_b,1000000000000.0,1e-06,2,6267.2172306485445,qr_ref,0.0,1
0.001,a_and_b,1000000000000.0,1e-06,3,6288.771482641107,iter_sketch_mom,2.3448374774577815e-14,0
0.001,a_and_b,1000000000000.0,1e-06,3,6288.771482641107,sketch_pre_cold,1.020414212556784e-09,0
0.001,a_and_b,1000000000000.0,1e-06,3,6288.771482641107,sketch_pre_warm,2.6950138989800165e-13,0
0.001,a_and_b,1000000000000.0,1e-06,3,6288.771482641107,fossils,1.2778966677016432e-15,0
0.001,a_and_b,1000000000000.0,1e-06,3,6288.771482641107,spir,1.3050395195657117e-17,1
0.001,a_and_b,1000000000000.0,1e-06,3,6288.771482641107,qr_ref,0.0,1
0.001,a_and_b,1000000000000.0,1e-06,4,6304.614278565706,iter_sketch_mom,8.48723390278292e-14,0
0.001,a_and_b,1000000000000.0,1e-06,4,6304.614278565706,sketch_pre_cold,3.55186354234798e-10,0
0.001,a_and_b,1000000000000.0,1e-06,4,6304.614278565706,sketch_pre_warm,6.311100921566259e-13,0
0.001,a_and_b,1000000000000.0,1e-06,4,6304.614278565706,fossils,1.6761619677791678e-17,1
0.001,a_and_b,1000000000000.0,1e-06,4,6304.614278565706,spir,1.635747031598251e-17,1
0.001,a_and_b,1000000000000.0,1e-06,4,6304.614278565706,qr_ref,0.0,1
0.001,a_and_b,1000000000000.0,1e-06,5,6325.4558766973405,iter_sketch_mom,3.593069407006082e-15,0
0.001,a_and_b,1000000000000.0,1e-06,5,6325.4558766973405,sketch_pre_cold,5.551226000329615e-10,0
0.001,a_and_b,1000000000000.0,1e-06,5,6325.4558766973405,sketch_pre_warm,8.297644058558256e-14,0
0.001,a_and_b,1000000000000.0,1e-06,5,6325.4558766973405,fossils,1.0875941250983748e-17,1
0.001,a_and_b,1000000000000.0,1e-06,5,6325.4558766973405,spir,6.1707602893962714e-18,1
0.001,a_and_b,1000000000000.0,1e-06,5,6325.4558766973405,qr_ref,0.0,1
0.001,a_and_b,1000000000000.0,1e-06,6,6283.433912865912,iter_sketch_mom,3.261418804806525e-15,0
0.001,a_and_b,1000000000000.0,1e-06,6,6283.433912865912,sketch_pre_cold,4.437810912414123e-10,0
0.001,a_and_b,1000000000000.0,1e-06,6,6283.433912865912,sketch_pre_warm,2.7805547982687983e-13,0
0.001,a_and_b,1000000000000.0,1e-06,6,6283.433912865912,fossils,1.4193195175283516e-17,1
0.001,a_and_b,1000000000000.0,1e-06,6,6283.433912865912,spir,1.1038793435101893e-17,1
0.001,a_and_b,1000000000000.0,1e-06,6,6283.433912865912,qr_ref,0.0,1
0.001,a_and_b,1000000000000.0,1e-06,7,6279.713641222015,iter_sketch_mom,2.0004287420495936e-14,0
0.001,a_and_b,1000000000000.0,1e-06,7,6279.713641222015,sketch_pre_cold,3.0252827977239887e-09,0
0.001,a_and_b,1000000000000.0,1e-06,7,6279.713641222015,sketch_pre_warm,6.566208619690605e-13,0
0.001,a_and_b,1000000000000.0,1e-06,7,6279.713641222015,fossils,1.8359508999564048e-17,1
0.001,a_and_b,1000000000000.0,1e-06,7,6279.713641222015,spir,3.887134401492975e-17,1
0.001,a_and_b,1000000000000.0,1e-06,7,6279.713641222015,qr_ref,0.0,1
0.001,a_and_b,1000000000000.0,1e-06,8,6319.26296132441,iter_sketch_mom,3.969348937052386e-15,0
0.001,a_and_b,1000000000000.0,1e-06,8,6319.26296132441,sketch_pre_cold,1.7364357093281864e-09,0
0.001,a_and_b,1000000000000.0,1e-06,8,6319.26296132441,sketch_pre_warm,1.505168612726297e-13,0
0.001,a_and_b,1000000000000.0,1e-06,8,6319.26296132441,fossils,3.245042306328532e-17,1
0.001,a_and_b,1000000000000.0,1e-06,8,6319.26296132441,spir,1.4440764274489344e-17,1
0.001,a_and_b,1000000000000.0,1e-06,8,6319.26296132441,qr_ref,0.0,1
0.001,a_and_b,1000000000000.0,1e-06,9,6284.875944786283,iter_sketch_mom,3.8940104779542165e-15,0
0.001,a_and_b,1000000000000.0,1e-06,9,6284.875944786283,sketch_pre_cold,4.341811159982082e-10,0
0.001,a_and_b,1000000000000.0,1e-06,9,6284.875944786283,sketch_pre_warm,1.6007494160775322e-13,0
0.001,a_and_b,1000000000000.0,1e-06,9,6284.875944786283,fossils,1.8314747799697062e-17,1
0.001,a_and_b,1000000000000.0,1e-06,9,6284.875944786283,spir,1.908910560289632e-17,1
0.001,a_and_b,1000000000000.0,1e-06,9,6284.875944786283,qr_ref,0.0,1
0.005,a_and_b,1000000.0,1e-06,0,979.7160124544171,iter_sketch_mom,3.957547743535817e-15,0
0.005,a_and_b,1000000.0,1e-06,0,979.7160124544171,sketch_pre_cold,1.3111228402989633e-09,0
0.005,a_and_b,1000000.0,1e-06,0,979.7160124544171,sketch_pre_warm,3.4734985875317434e-13,0
0.005,a_and_b,1000000.0,1e-06,0,979.7160124544171,fossils,2.878022318984905e-14,0
0.005,a_and_b,1000000.0,1e-06,0,979.7160124544171,spir,1.397565725864864e-17,1
0.005,a_and_b,1000000.0,1e-06,0,979.7160124544171,qr_ref,0.0,1
0.005,a_and_b,1000000.0,1e-06,1,986.5251056913626,iter_sketch_mom,5.48660495553721e-15,0
0.005,a_and_b,1000000.0,1e-06,1,986.5251056913626,sketch_pre_cold,1.11844355683458e-09,0
0.005,a_and_b,1000000.0,1e-06,1,986.5251056913626,sketch_pre_warm,4.481619963134023e-13,0
0.005,a_and_b,1000000.0,1e-06,1,986.5251056913626,fossils,1.4258962645648038e-17,1
0.005,a_and_b,1000000.0,1e-06,1,986.5251056913626,spir,1.1949398634290575e-17,1
0.005,a_and_b,1000000.0,1e-06,1,986.5251056913626,qr_ref,0.0,1
0.005,a_and_b,1000000.0,1e-06,2,982.4036947394283,iter_sketch_mom,5.052336947731865e-15,0
0.005,a_and_b,1000000.0,1e-06,2,982.4036947394283,sketch_pre_cold,2.4010004695780975e-09,0
0.005,a_and_b,1000000.0,1e-06,2,982.4036947394283,sketch_pre_warm,5.300467082848386e-12,0
0.005,a_and_b,1000000.0,1e-06,2,982.4036947394283,fossils,1.7041801337352075e-14,0
0.005,a_and_b,1000000.0,1e-06,2,982.4036947394283,spir,1.0627493719428469e-17,1
0.005,a_and_b,1000000.0,1e-06,2,982.4036947394283,qr_ref,0.0,1
0.005,a_and_b,1000000.0,1e-06,3,992.492462849727,iter_sketch_mom,3.816536050240179e-15,0
0.005,a_and_b,1000000.0,1e-06,3,992.492462849727,sketch_pre_cold,1.9266635186688364e-09,0
0.005,a_and_b,1000000.0,1e-06,3,992.492462849727,sketch_pre_warm,4.446588779766217e-12,0
0.005,a_and_b,1000000.0,1e-06,3,992.492462849727,fossils,2.9954315116522864e-17,1
0.005,a_and_b,1000000.0,1e-06,3,992.492462849727,spir,1.639397928039777e-17,1
0.005,a_and_b,1000000.0,1e-06,3,992.492462849727,qr_ref,0.0,1
0.005,a_and_b,1000000.0,1e-06,4,980.9595284343291,iter_sketch_mom,4.411567958268162e-15,0
0.005,a_and_b,1000000.0,1e-06,4,980.9595284343291,sketch_pre_cold,1.1422150182548995e-09,0
0.005,a_and_b,1000000.0,1e-06,4,980.9595284343291,sketch_pre_warm,1.7265531635019382e-12,0
0.005,a_and_b,1000000.0,1e-06,4,980.9595284343291,fossils,2.0815203256339707e-17,1
0.005,a_and_b,1000000.0,1e-06,4,980.9595284343291,spir,1.463441062197483e-17,1
0.005,a_and_b,1000000.0,1e-06,4,980.9595284343291,qr_ref,0.0,1
0.005,a_and_b,1000000.0,1e-06,5,988.4266551716403,iter_sketch_mom,3.983859078672789e-15,0
0.005,a_and_b,1000000.0,1e-06,5,988.4266551716403,sketch_pre_cold,8.55300548781816e-10,0
0.005,a_and_b,1000000.0,1e-06,5,988.4266551716403,sketch_pre_warm,9.900750926129873e-13,0
0.005,a_and_b,1000000.0,1e-06,5,988.4266551716403,fossils,1.5146714959393077e-17,1
0.005,a_and_b,1000000.0,1e-06,5,988.4266551716403,spir,9.971988460071613e-18,1
0.005,a_and_b,1000000.0,1e-06,5,988.4266551716403,qr_ref,0.0,1
0.005,a_and_b,1000000.0,1e-06,6,983.5577070030625,iter_sketch_mom,2.813056994987368e-15,0
0.005,a_and_b,1000000.0,1e-06,6,983.5577070030625,sketch_pre_cold,5.992850169121471e-10,0
0.005,a_and_b,1000000.0,1e-06,6,983.5577070030625,sketch_pre_warm,8.955156313760632e-12,0
0.005,a_and_b,1000000.0,1e-06,6,983.5577070030625,fossils,1.4863540842220825e-17,1
0.005,a_and_b,1000000.0,1e-06,6,983.5577070030625,spir,1.3314604516236617e-17,1
0.005,a_and_b,1000000.0,1e-06,6,983.5577070030625,qr_ref,0.0,1
0.005,a_and_b,1000000.0,1e-06,7,985.2528444151664,iter_sketch_mom,9.22530705652981e-15,0
0.005,a_and_b,1000000.0,1e-06,7,985.2528444151664,sketch_pre_cold,1.7789540987254257e-09,0
0.005,a_and_b,1000000.0,1e-06,7,985.2528444151664,sketch_pre_warm,4.8571574354378904e-12,0
0.005,a_and_b,1000000.0,1e-06,7,985.2528444151664,fossils,4.551307123581918e-17,1
0.005,a_and_b,1000000.0,1e-06,7,985.2528444151664,spir,1.5965787319268923e-17,1
0.005,a_and_b,1000000.0,1e-06,7,985.2528444151664,qr_ref,0.0,1
0.005,a_and_b,1000000.0,1e-06,8,996.6201987208567,iter_sketch_mom,4.647741399544152e-15,0
0.005,a_and_b,1000000.0,1e-06,8,996.6201987208567,sketch_pre_cold,2.8413490107553434e-10,0
0.005,a_and_b,1000000.0,1e-06,8,996.6201987208567,sketch_pre_warm,7.254572844447737e-13,0
0.005,a_and_b,1000000.0,1e-06,8,996.6201987208567,fossils,3.5885404787371674e-17,1
0.005,a_and_b,1000000.0,1e-06,8,996.6201987208567,spir,1.4501586912376753e-17,1
0.005,a_and_b,1000000.0,1e-06,8,996.6201987208567,qr_ref,0.0,1
0.005,a_and_b,1000000.0,1e-06,9,983.8183771124698,iter_sketch_mom,3.545009355519753e-12,0
0.005,a_and_b,1000000.0,1e-06,9,983.8183771124698,sketch_pre_cold,2.1875689626361084e-09,0
0.005,a_and_b,1000000.0,1e-06,9,983.8183771124698,sketch_pre_warm,1.3940214783934335e-12,0
0.005,a_and_b,1000000.0,1e-06,9,983.8183771124698,fossils,3.118928554652529e-17,1
0.005,a_and_b,1000000.0,1e-06,9,983.8183771124698,spir,1.706992061703013e-17,1
0.005,a_and_b,1000000.0,1e-06,9,983.8183771124698,qr_ref,0.0,1
0.005,a_and_b,1000000000000.0,1e-06,0,1249.0958286245116,iter_sketch_mom,1.643076355757915e-11,0
0.005,a_and_b,1000000000000.0,1e-06,0,1249.0958286245116,sketch_pre_cold,1.5724220827125308e-09,0
0.005,a_and_b,1000000000000.0,1e-06,0,1249.0958286245116,sketch_pre_warm,1.2398105080085763e-12,0
0.005,a_and_b,1000000000000.0,1e-06,0,1249.0958286245116,fossils,6.024987090683627e-17,1
0.005,a_and_b,1000000000000.0,1e-06,0,1249.0958286245116,spir,1.3800761436446955e-17,1
0.005,a_and_b,1000000000000.0,1e-06,0,1249.0958286245116,qr_ref,0.0,1
0.005,a_and_b,1000000000000.0,1e-06,1,1263.0657343808969,iter_sketch_mom,5.084348243141963e-15,0
0.005,a_and_b,1000000000000.0,1e-06,1,1263.0657343808969,sketch_pre_cold,1.2106816597932017e-09,0
0.005,a_and_b,1000000000000.0,1e-06,1,1263.0657343808969,sketch_pre_warm,2.1460915063366262e-12,0
0.005,a_and_b,1000000000000.0,1e-06,1,1263.0657343808969,fossils,1.2474511294085863e-17,1
0.005,a_and_b,1000000000000.0,1e-06,1,1263.0657343808969,spir,1.6707306286914212e-17,1
0.005,a_and_b,1000000000000.0,1e-06,1,1263.0657343808969,qr_ref,0.0,1
0.005,a_and_b,1000000000000.0,1e-06,2,1260.4270845534988,iter_sketch_mom,7.394247358344895e-15,0
0.005,a_and_b,1000000000000.0,1e-06,2,1260.4270845534988,sketch_pre_cold,5.921717757088028e-09,0
0.005,a_and_b,1000000000000.0,1e-06,2,1260.4270845534988,sketch_pre_warm,5.830519943996859e-12,0
0.005,a_and_b,1000000000000.0,1e-06,2,1260.4270845534988,fossils,1.1427689047013048e-16,1
0.005,a_and_b,1000000000000.0,1e-06,2,1260.4270845534988,spir,1.571048658140257e-17,1
0.005,a_and_b,1000000000000.0,1e-06,2,1260.4270845534988,qr_ref,0.0,1
0.005,a_and_b,1000000000000.0,1e-06,3,1260.858638995132,iter_sketch_mom,4.588804012751346e-15,0
0.005,a_and_b,1000000000000.0,1e-06,3,1260.858638995132,sketch_pre_cold,1.3607110223211432e-09,0
0.005,a_and_b,1000000000000.0,1e-06,3,1260.858638995132,sketch_pre_warm,2.209838844518617e-12,0
0.005,a_and_b,1000000000000.0,1e-06,3,1260.858638995132,fossils,6.079485678531814e-15,0
0.005,a_and_b,1000000000000.0,1e-06,3,1260.858638995132,spir,8.938719617693157e-18,1
0.005,a_and_b,1000000000000.0,1e-06,3,1260.858638995132,qr_ref,0.0,1
0.005,a_and_b,1000000000000.0,1e-06,4,1265.378068253257,iter_sketch_mom,8.064843757900626e-14,0
0.005,a_and_b,1000000000000.0,1e-06,4,1265.378068253257,sketch_pre_cold,4.802215574112011e-10,0
0.005,a_and_b,1000000000000.0,1e-06,4,1265.378068253257,sketch_pre_warm,2.3237677749072397e-12,0
0.005,a_and_b,1000000000000.0,1e-06,4,1265.378068253257,fossils,2.9834255128683336e-17,1
0.005,a_and_b,1000000000000.0,1e-06,4,1265.378068253257,spir,2.9481030535476853e-17,1
0.005,a_and_b,1000000000000.0,1e-06,4,1265.378068253257,qr_ref,0.0,1
0.005,a_and_b,1000000000000.0,1e-06,5,1268.6293324836206,iter_sketch_mom,3.7156305931338484e-15,0
0.005,a_and_b,1000000000000.0,1e-06,5,1268.6293324836206,sketch_pre_cold,4.4696737921646347e-10,0
0.005,a_and_b,1000000000000.0,1e-06,5,1268.6293324836206,sketch_pre_warm,3.537971907621314e-13,0
0.005,a_and_b,1000000000000.0,1e-06,5,1268.6293324836206,fossils,1.342686528016703e-17,1
0.005,a_and_b,1000000000000.0,1e-06,5,1268.6293324836206,spir,7.738808476853436e-18,1
0.005,a_and_b,1000000000000.0,1e-06,5,1268.6293324836206,qr_ref,0.0,1
0.005,a_and_b,1000000000000.0,1e-06,6,1259.989323658994,iter_sketch_mom,3.3815844810650944e-15,0
0.005,a_and_b,1000000000000.0,1e-06,6,1259.989323658994,sketch_pre_cold,7.704276637974745e-10,0
0.005,a_and_b,1000000000000.0,1e-06,6,1259.989323658994,sketch_pre_warm,1.3801508321188684e-12,0
0.005,a_and_b,1000000000000.0,1e-06,6,1259.989323658994,fossils,3.7343750111452595e-17,1
0.005,a_and_b,1000000000000.0,1e-06,6,1259.989323658994,spir,1.3623661361099104e-17,1
0.005,a_and_b,1000000000000.0,1e-06,6,1259.989323658994,qr_ref,0.0,1
0.005,a_and_b,1000000000000.0,1e-06,7,1259.1445767134992,iter_sketch_mom,1.0815329021909583e-14,0
0.005,a_and_b,1000000000000.0,1e-06,7,1259.1445767134992,sketch_pre_cold,3.213867775265837e-09,0
0.005,a_and_b,1000000000000.0,1e-06,7,1259.1445767134992,sketch_pre_warm,6.348829975898995e-12,0
0.005,a_and_b,1000000000000.0,1e-06,7,1259.1445767134992,fossils,1.5021007223225328e-16,1
0.005,a_and_b,1000000000000.0,1e-06,7,1259.1445767134992,spir,2.336969853368189e-17,1
0.005,a_and_b,1000000000000.0,1e-06,7,1259.1445767134992,qr_ref,0.0,1
0.005,a_and_b,1000000000000.0,1e-06,8,1268.5803302307477,iter_sketch_mom,4.385198792686998e-15,0
0.005,a_and_b,1000000000000.0,1e-06,8,1268.5803302307477,sketch_pre_cold,2.206422799406527e-09,0
0.005,a_and_b,1000000000000.0,1e-06,8,1268.5803302307477,sketch_pre_warm,1.0874867138969287e-12,0
0.005,a_and_b,1000000000000.0,1e-06,8,1268.5803302307477,fossils,9.451503045936978e-17,1
0.005,a_and_b,1000000000000.0,1e-06,8,1268.5803302307477,spir,1.8169209379334524e-17,1
0.005,a_and_b,1000000000000.0,1e-06,8,1268.5803302307477,qr_ref,0.0,1
0.005,a_and_b,1000000000000.0,1e-06,9,1260.8256738528557,iter_sketch_mom,4.276925490438103e-15,0
0.005,a_and_b,1000000000000.0,1e-06,9,1260.8256738528557,sketch_pre_cold,7.010716296063743e-10,0
0.005,a_and_b,1000000000000.0,1e-06,9,1260.8256738528557,sketch_pre_warm,7.934901283322264e-13,0
0.005,a_and_b,1000000000000.0,1e-06,9,1260.8256738528557,fossils,1.8282632927274493e-17,1
0.005,a_and_b,1000000000000.0,1e-06,9,1260.8256738528557,spir,1.68038148505611e-17,1
0.005,a_and_b,1000000000000.0,1e-06,9,1260.8256738528557,qr_ref,0.0,1
0.01,a_and_b,1000000.0,1e-06,0,491.163176551398,iter_sketch_mom,4.585963539685193e-15,0
0.01,a_and_b,1000000.0,1e-06,0,491.163176551398,sketch_pre_cold,2.1722391372346585e-09,0
0.01,a_and_b,1000000.0,1e-06,0,491.163176551398,sketch_pre_warm,1.5933533233808337e-12,0
0.01,a_and_b,1000000.0,1e-06,0,491.163176551398,fossils,8.593264152352314e-17,1
0.01,a_and_b,1000000.0,1e-06,0,491.163176551398,spir,1.7808816868157458e-17,1
0.01,a_and_b,1000000.0,1e-06,0,491.163176551398,qr_ref,0.0,1
0.01,a_and_b,1000000.0,1e-06,1,495.12275376676865,iter_sketch_mom,6.076970952479525e-15,0
0.01,a_and_b,1000000.0,1e-06,1,495.12275376676865,sketch_pre_cold,9.092878626181283e-10,0
0.01,a_and_b,1000000.0,1e-06,1,495.12275376676865,sketch_pre_warm,1.5659075838633168e-12,0
0.01,a_and_b,1000000.0,1e-06,1,495.12275376676865,fossils,4.310442271133997e-17,1
0.01,a_and_b,1000000.0,1e-06,1,495.12275376676865,spir,1.2741897994533483e-17,1
0.01,a_and_b,1000000.0,1e-06,1,495.12275376676865,qr_ref,0.0,1
0.01,a_and_b,1000000.0,1e-06,2,492.2253875511467,iter_sketch_mom,5.321156417915239e-15,0
0.01,a_and_b,1000000.0,1e-06,2,492.2253875511467,sketch_pre_cold,2.3933793537808086e-09,0
0.01,a_and_b,1000000.0,1e-06,2,492.2253875511467,sketch_pre_warm,1.574058574190545e-11,0
0.01,a_and_b,1000000.0,1e-06,2,492.2253875511467,fossils,1.3138142435310862e-14,0
0.01,a_and_b,1000000.0,1e-06,2,492.2253875511467,spir,1.4918311515951284e-17,1
0.01,a_and_b,1000000.0,1e-06,2,492.2253875511467,qr_ref,0.0,1
0.01,a_and_b,1000000.0,1e-06,3,497.78482624009104,iter_sketch_mom,4.1925435685720894e-15,0
0.01,a_and_b,1000000.0,1e-06,3,497.78482624009104,sketch_pre_cold,2.14019425446823e-09,0
0.01,a_and_b,1000000.0,1e-06,3,497.78482624009104,sketch_pre_warm,5.113748059936958e-12,0
0.01,a_and_b,1000000.0,1e-06,3,497.78482624009104,fossils,2.485570633124538e-17,1
0.01,a_and_b,1000000.0,1e-06,3,497.78482624009104,spir,1.1891183339771713e-17,1
0.01,a_and_b,1000000.0,1e-06,3,497.78482624009104,qr_ref,0.0,1
0.01,a_and_b,1000000.0,1e-06,4,492.8699882673849,iter_sketch_mom,4.983425947432787e-15,0
0.01,a_and_b,1000000.0,1e-06,4,492.8699882673849,sketch_pre_cold,5.436621554972439e-10,0
0.01,a_and_b,1000000.0,1e-06,4,492.8699882673849,sketch_pre_warm,3.7028302266904805e-12,0
0.01,a_and_b,1000000.0,1e-06,4,492.8699882673849,fossils,3.377424817861894e-17,1
0.01,a_and_b,1000000.0,1e-06,4,492.8699882673849,spir,1.3180946936559106e-17,1
0.01,a_and_b,1000000.0,1e-06,4,492.8699882673849,qr_ref,0.0,1
0.01,a_and_b,1000000.0,1e-06,5,496.1842585829976,iter_sketch_mom,3.818716085769101e-15,0
0.01,a_and_b,1000000.0,1e-06,5,496.1842585829976,sketch_pre_cold,9.155842482225456e-10,0
0.01,a_and_b,1000000.0,1e-06,5,496.1842585829976,sketch_pre_warm,1.7792749788147558e-12,0
0.01,a_and_b,1000000.0,1e-06,5,496.1842585829976,fossils,6.25542201875306e-17,1
0.01,a_and_b,1000000.0,1e-06,5,496.1842585829976,spir,1.0949217898185713e-17,1
0.01,a_and_b,1000000.0,1e-06,5,496.1842585829976,qr_ref,0.0,1
0.01,a_and_b,1000000.0,1e-06,6,493.3695590540565,iter_sketch_mom,3.271167520692334e-15,0
0.01,a_and_b,1000000.0,1e-06,6,493.3695590540565,sketch_pre_cold,7.791928050462742e-10,0
0.01,a_and_b,1000000.0,1e-06,6,493.3695590540565,sketch_pre_warm,1.021995893419719e-11,0
0.01,a_and_b,1000000.0,1e-06,6,493.3695590540565,fossils,3.911686227694082e-17,1
0.01,a_and_b,1000000.0,1e-06,6,493.3695590540565,spir,9.654070984213325e-18,1
0.01,a_and_b,1000000.0,1e-06,6,493.3695590540565,qr_ref,0.0,1
0.01,a_and_b,1000000.0,1e-06,7,494.7280556946679,iter_sketch_mom,8.371737296407252e-15,0
0.01,a_and_b,1000000.0,1e-06,7,494.7280556946679,sketch_pre_cold,1.3448747060488932e-09,0
0.01,a_and_b,1000000.0,1e-06,7,494.7280556946679,sketch_pre_warm,7.089814795012503e-12,0
0.01,a_and_b,1000000.0,1e-06,7,494.7280556946679,fossils,3.8404571515244984e-17,1
0.01,a_and_b,1000000.0,1e-06,7,494.7280556946679,spir,2.2345819998324502e-17,1
0.01,a_and_b,1000000.0,1e-06,7,494.7280556946679,qr_ref,0.0,1
0.01,a_and_b,1000000.0,1e-06,8,500.276343826595,iter_sketch_mom,3.7334022810508715e-15,0
0.01,a_and_b,1000000.0,1e-06,8,500.276343826595,sketch_pre_cold,3.596797032356315e-10,0
0.01,a_and_b,1000000.0,1e-06,8,500.276343826595,sketch_pre_warm,1.4430629081236311e-12,0
0.01,a_and_b,1000000.0,1e-06,8,500.276343826595,fossils,2.1504925191219457e-16,1
0.01,a_and_b,1000000.0,1e-06,8,500.276343826595,spir,9.333086460502939e-18,1
0.01,a_and_b,1000000.0,1e-06,8,500.276343826595,qr_ref,0.0,1
0.01,a_and_b,1000000.0,1e-06,9,494.03203490644086,iter_sketch_mom,5.2862494844387085e-15,0
0.01,a_and_b,1000000.0,1e-06,9,494.03203490644086,sketch_pre_cold,1.3080909504230562e-09,0
0.01,a_and_b,1000000.0,1e-06,9,494.03203490644086,sketch_pre_warm,2.6099020726240998e-12,0
0.01,a_and_b,1000000.0,1e-06,9,494.03203490644086,fossils,9.908303719300198e-17,1
0.01,a_and_b,1000000.0,1e-06,9,494.03203490644086,spir,1.3716790003975059e-17,1
0.01,a_and_b,1000000.0,1e-06,9,494.03203490644086,qr_ref,0.0,1
0.01,a_and_b,1000000000000.0,1e-06,0,629.7119452886,iter_sketch_mom,4.63892894463104e-15,0
0.01,a_and_b,1000000000000.0,1e-06,0,629.7119452886,sketch_pre_cold,1.70368325059479e-09,0
0.01,a_and_b,1000000000000.0,1e-06,0,629.7119452886,sketch_pre_warm,2.118536192449741e-12,0
0.01,a_and_b,1000000000000.0,1e-06,0,629.7119452886,fossils,5.749325986507404e-17,1
0.01,a_and_b,1000000000000.0,1e-06,0,629.7119452886,spir,1.397257661513222e-17,1
0.01,a_and_b,1000000000000.0,1e-06,0,629.7119452886,qr_ref,0.0,1
0.01,a_and_b,1000000000000.0,1e-06,1,634.0488250813809,iter_sketch_mom,5.806770955137614e-15,0
0.01,a_and_b,1000000000000.0,1e-06,1,634.0488250813809,sketch_pre_cold,1.0342391878504817e-09,0
0.01,a_and_b,1000000000000.0,1e-06,1,634.0488250813809,sketch_pre_warm,4.27306245975819e-12,0
0.01,a_and_b,1000000000000.0,1e-06,1,634.0488250813809,fossils,5.0346654405998375e-17,1
0.01,a_and_b,1000000000000.0,1e-06,1,634.0488250813809,spir,1.0198143065966564e-17,1
0.01,a_and_b,1000000000000.0,1e-06,1,634.0488250813809,qr_ref,0.0,1
0.01,a_and_b,1000000000000.0,1e-06,2,630.9679266417136,iter_sketch_mom,6.606427223358799e-15,0
0.01,a_and_b,1000000000000.0,1e-06,2,630.9679266417136,sketch_pre_cold,5.590600040895002e-09,0
0.01,a_and_b,1000000000000.0,1e-06,2,630.9679266417136,sketch_pre_warm,1.377743476627047e-11,0
0.01,a_and_b,1000000000000.0,1e-06,2,630.9679266417136,fossils,2.0630979400418842e-16,1
0.01,a_and_b,1000000000000.0,1e-06,2,630.9679266417136,spir,1.3248568099894474e-17,1
0.01,a_and_b,1000000000000.0,1e-06,2,630.9679266417136,qr_ref,0.0,1
0.01,a_and_b,1000000000000.0,1e-06,3,631.2415517095886,iter_sketch_mom,4.632536439379206e-15,0
0.01,a_and_b,1000000000000.0,1e-06,3,631.2415517095886,sketch_pre_cold,1.0532032094245289e-09,0
0.01,a_and_b,1000000000000.0,1e-06,3,631.2415517095886,sketch_pre_warm,4.51580861979083e-12,0
0.01,a_and_b,1000000000000.0,1e-06,3,631.2415517095886,fossils,1.4845938132560828e-15,0
0.01,a_and_b,1000000000000.0,1e-06,3,631.2415517095886,spir,9.178060844572442e-18,1
0.01,a_and_b,1000000000000.0,1e-06,3,631.2415517095886,qr_ref,0.0,1
0.01,a_and_b,1000000000000.0,1e-06,4,634.1254842707815,iter_sketch_mom,6.950748528712729e-15,0
0.01,a_and_b,1000000000000.0,1e-06,4,634.1254842707815,sketch_pre_cold,4.438083288243431e-10,0
0.01,a_and_b,1000000000000.0,1e-06,4,634.1254842707815,sketch_pre_warm,4.762995703033994e-12,0
0.01,a_and_b,1000000000000.0,1e-06,4,634.1254842707815,fossils,4.528600121701667e-17,1
0.01,a_and_b,1000000000000.0,1e-06,4,634.1254842707815,spir,2.7591998577690033e-17,1
0.01,a_and_b,1000000000000.0,1e-06,4,634.1254842707815,qr_ref,0.0,1
0.01,a_and_b,1000000000000.0,1e-06,5,634.3587972873482,iter_sketch_mom,3.7229958404567875e-15,0
0.01,a_and_b,1000000000000.0,1e-06,5,634.3587972873482,sketch_pre_cold,2.94887590996228e-10,0
0.01,a_and_b,1000000000000.0,1e-06,5,634.3587972873482,sketch_pre_warm,8.827046652968465e-13,0
0.01,a_and_b,1000000000000.0,1e-06,5,634.3587972873482,fossils,2.3839973819854423e-17,1
0.01,a_and_b,1000000000000.0,1e-06,5,634.3587972873482,spir,9.93810839913168e-18,1
0.01,a_and_b,1000000000000.0,1e-06,5,634.3587972873482,qr_ref,0.0,1
0.01,a_and_b,1000000000000.0,1e-06,6,631.7243128689789,iter_sketch_mom,4.07546113410602e-15,0
0.01,a_and_b,1000000000000.0,1e-06,6,631.7243128689789,sketch_pre_cold,1.2459264567841923e-09,0
0.01,a_and_b,1000000000000.0,1e-06,6,631.7243128689789,sketch_pre_warm,2.5784678414948437e-12,0
0.01,a_and_b,1000000000000.0,1e-06,6,631.7243128689789,fossils,4.371258498304739e-17,1
0.01,a_and_b,1000000000000.0,1e-06,6,631.7243128689789,spir,1.1528845799673025e-17,1
0.01,a_and_b,1000000000000.0,1e-06,6,631.7243128689789,qr_ref,0.0,1
0.01,a_and_b,1000000000000.0,1e-06,7,631.4548500510334,iter_sketch_mom,1.2650728491275164e-14,0
0.01,a_and_b,1000000000000.0,1e-06,7,631.4548500510334,sketch_pre_cold,4.1992461884351845e-09,0
0.01,a_and_b,1000000000000.0,1e-06,7,631.4548500510334,sketch_pre_warm,1.1356701810015509e-11,0
0.01,a_and_b,1000000000000.0,1e-06,7,631.4548500510334,fossils,3.396400270312526e-16,0
0.01,a_and_b,1000000000000.0,1e-06,7,631.4548500510334,spir,1.56807001510019e-17,1
0.01,a_and_b,1000000000000.0,1e-06,7,631.4548500510334,qr_ref,0.0,1
0.01,a_and_b,1000000000000.0,1e-06,8,634.8003224440434,iter_sketch_mom,3.917918749641197e-15,0
0.01,a_and_b,1000000000000.0,1e-06,8,634.8003224440434,sketch_pre_cold,2.589051298703316e-09,0
0.01,a_and_b,1000000000000.0,1e-06,8,634.8003224440434,sketch_pre_warm,2.579117932942167e-12,0
0.01,a_and_b,1000000000000.0,1e-06,8,634.8003224440434,fossils,2.956758039781983e-16,1
0.01,a_and_b,1000000000000.0,1e-06,8,634.8003224440434,spir,1.2094806075959658e-17,1
0.01,a_and_b,1000000000000.0,1e-06,8,634.8003224440434,qr_ref,0.0,1
0.01,a_and_b,1000000000000.0,1e-06,9,630.7234345407403,iter_sketch_mom,4.247343901580815e-15,0
0.01,a_and_b,1000000000000.0,1e-06,9,630.7234345407403,sketch_pre_cold,9.452288692577344e-10,0
0.01,a_and_b,1000000000000.0,1e-06,9,630.7234345407403,sketch_pre_warm,1.5744994327234323e-12,0
0.01,a_and_b,1000000000000.0,1e-06,9,630.7234345407403,fossils,2.130665154479171e-17,1
0.01,a_and_b,1000000000000.0,1e-06,9,630.7234345407403,spir,1.847930230774502e-17,1
0.01,a_and_b,1000000000000.0,1e-06,9,630.7234345407403,qr_ref,0.0,1
0.05,a_and_b,1000000.0,1e-06,0,99.03138760669019,iter_sketch_mom,7.637111799400266e-11,0
0.05,a_and_b,1000000.0,1e-06,0,99.03138760669019,sketch_pre_cold,3.307203423491833e-09,0
0.05,a_and_b,1000000.0,1e-06,0,99.03138760669019,sketch_pre_warm,1.932695816151697e-11,0
0.05,a_and_b,1000000.0,1e-06,0,99.03138760669019,fossils,2.412911520675177e-16,1
0.05,a_and_b,1000000.0,1e-06,0,99.03138760669019,spir,1.3272124761483481e-17,1
0.05,a_and_b,1000000.0,1e-06,0,99.03138760669019,qr_ref,0.0,1
0.05,a_and_b,1000000.0,1e-06,1,99.61269984372501,iter_sketch_mom,6.202061685086674e-15,0
0.05,a_and_b,1000000.0,1e-06,1,99.61269984372501,sketch_pre_cold,4.801202123628578e-10,0
0.05,a_and_b,1000000.0,1e-06,1,99.61269984372501,sketch_pre_warm,1.5482849622998993e-11,0
0.05,a_and_b,1000000.0,1e-06,1,99.61269984372501,fossils,2.2878693726855696e-17,1
0.05,a_and_b,1000000.0,1e-06,1,99.61269984372501,spir,1.2739918433213765e-17,1
0.05,a_and_b,1000000.0,1e-06,1,99.61269984372501,qr_ref,0.0,1
0.05,a_and_b,1000000.0,1e-06,2,99.39739577088167,iter_sketch_mom,6.0808868740206606e-15,0
0.05,a_and_b,1000000.0,1e-06,2,99.39739577088167,sketch_pre_cold,3.0294382833698375e-09,0
0.05,a_and_b,1000000.0,1e-06,2,99.39739577088167,sketch_pre_warm,4.23534819497811e-11,0
0.05,a_and_b,1000000.0,1e-06,2,99.39739577088167,fossils,7.704095688256791e-14,0
0.05,a_and_b,1000000.0,1e-06,2,99.39739577088167,spir,1.2896251406831246e-17,1
0.05,a_and_b,1000000.0,1e-06,2,99.39739577088167,qr_ref,0.0,1
0.05,a_and_b,1000000.0,1e-06,3,100.18399566921123,iter_sketch_mom,2.924687425497463e-14,0
0.05,a_and_b,1000000.0,1e-06,3,100.18399566921123,sketch_pre_cold,1.1030762862263217e-09,0
0.05,a_and_b,1000000.0,1e-06,3,100.18399566921123,sketch_pre_warm,8.381760610688259e-12,0
0.05,a_and_b,1000000.0,1e-06,3,100.18399566921123,fossils,2.6858462859130758e-14,0
0.05,a_and_b,1000000.0,1e-06,3,100.18399566921123,spir,1.3536547887783724e-17,1
0.05,a_and_b,1000000.0,1e-06,3,100.18399566921123,qr_ref,0.0,1
0.05,a_and_b,1000000.0,1e-06,4,99.83245260334742,iter_sketch_mom,4.709898718348543e-15,0
0.05,a_and_b,1000000.0,1e-06,4,99.83245260334742,sketch_pre_cold,2.644195489958806e-10,0
0.05,a_and_b,1000000.0,1e-06,4,99.83245260334742,sketch_pre_warm,3.24290095977699e-11,0
0.05,a_and_b,1000000.0,1e-06,4,99.83245260334742,fossils,3.55773656030199e-16,0
0.05,a_and_b,1000000.0,1e-06,4,99.83245260334742,spir,1.5685723767163356e-17,1
0.05,a_and_b,1000000.0,1e-06,4,99.83245260334742,qr_ref,0.0,1
0.05,a_and_b,1000000.0,1e-06,5,100.246304614036,iter_sketch_mom,3.746776839594453e-15,0
0.05,a_and_b,1000000.0,1e-06,5,100.246304614036,sketch_pre_cold,5.128026183398242e-10,0
0.05,a_and_b,1000000.0,1e-06,5,100.246304614036,sketch_pre_warm,3.624219932315662e-12,0
0.05,a_and_b,1000000.0,1e-06,5,100.246304614036,fossils,1.0392898225749046e-16,1
0.05,a_and_b,1000000.0,1e-06,5,100.246304614036,spir,1.8775872206423162e-17,1
0.05,a_and_b,1000000.0,1e-06,5,100.246304614036,qr_ref,0.0,1
0.05,a_and_b,1000000.0,1e-06,6,99.9923013458734,iter_sketch_mom,4.431722390715557e-15,0
0.05,a_and_b,1000000.0,1e-06,6,99.9923013458734,sketch_pre_cold,6.576980011848193e-10,0
0.05,a_and_b,1000000.0,1e-06,6,99.9923013458734,sketch_pre_warm,1.7373153623433305e-11,0
0.05,a_and_b,1000000.0,1e-06,6,99.9923013458734,fossils,8.157233525706917e-17,1
0.05,a_and_b,1000000.0,1e-06,6,99.9923013458734,spir,1.4124368611914525e-17,1
0.05,a_and_b,1000000.0,1e-06,6,99.9923013458734,qr_ref,0.0,1
0.05,a_and_b,1000000.0,1e-06,7,99.90706432207779,iter_sketch_mom,1.655277539663069e-14,0
0.05,a_and_b,1000000.0,1e-06,7,99.90706432207779,sketch_pre_cold,2.163771515060292e-09,0
0.05,a_and_b,1000000.0,1e-06,7,99.90706432207779,sketch_pre_warm,2.3803947902314205e-11,0
0.05,a_and_b,1000000.0,1e-06,7,99.90706432207779,fossils,2.018136792125201e-16,1
0.05,a_and_b,1000000.0,1e-06,7,99.90706432207779,spir,2.2303489364661054e-17,1
0.05,a_and_b,1000000.0,1e-06,7,99.90706432207779,qr_ref,0.0,1
0.05,a_and_b,1000000.0,1e-06,8,100.57863356198995,iter_sketch_mom,5.06475429619135e-15,0
0.05,a_and_b,1000000.0,1e-06,8,100.57863356198995,sketch_pre_cold,1.0450308708460354e-09,0
0.05,a_and_b,1000000.0,1e-06,8,100.57863356198995,sketch_pre_warm,8.362379489807084e-12,0
0.05,a_and_b,1000000.0,1e-06,8,100.57863356198995,fossils,3.8126693582185215e-15,0
0.05,a_and_b,1000000.0,1e-06,8,100.57863356198995,spir,1.3566122110413951e-17,1
0.05,a_and_b,1000000.0,1e-06,8,100.57863356198995,qr_ref,0.0,1
0.05,a_and_b,1000000.0,1e-06,9,99.97742717220864,iter_sketch_mom,6.136223545640116e-15,0
0.05,a_and_b,1000000.0,1e-06,9,99.97742717220864,sketch_pre_cold,4.5421163342468997e-10,0
0.05,a_and_b,1000000.0,1e-06,9,99.97742717220864,sketch_pre_warm,7.718804711227096e-12,0
0.05,a_and_b,1000000.0,1e-06,9,99.97742717220864,fossils,1.9017792843408906e-16,1
0.05,a_and_b,1000000.0,1e-06,9,99.97742717220864,spir,1.5670789138645785e-17,1
0.05,a_and_b,1000000.0,1e-06,9,99.97742717220864,qr_ref,0.0,1
0.05,a_and_b,1000000000000.0,1e-06,0,127.2042446141584,iter_sketch_mom,2.969708345061938e-15,0
0.05,a_and_b,1000000000000.0,1e-06,0,127.2042446141584,sketch_pre_cold,9.481757133080736e-10,0
0.05,a_and_b,1000000000000.0,1e-06,0,127.2042446141584,sketch_pre_warm,8.433959547056969e-12,0
0.05,a_and_b,1000000000000.0,1e-06,0,127.2042446141584,fossils,1.1125106046846027e-14,0
0.05,a_and_b,1000000000000.0,1e-06,0,127.2042446141584,spir,1.61074736539164e-17,1
0.05,a_and_b,1000000000000.0,1e-06,0,127.2042446141584,qr_ref,0.0,1
0.05,a_and_b,1000000000000.0,1e-06,1,127.41853175766668,iter_sketch_mom,4.452568009620867e-15,0
0.05,a_and_b,1000000000000.0,1e-06,1,127.41853175766668,sketch_pre_cold,5.903761461080445e-10,0
0.05,a_and_b,1000000000000.0,1e-06,1,127.41853175766668,sketch_pre_warm,2.446252711873588e-11,0
0.05,a_and_b,1000000000000.0,1e-06,1,127.41853175766668,fossils,4.7797373964462656e-15,0
0.05,a_and_b,1000000000000.0,1e-06,1,127.41853175766668,spir,1.671171843789164e-17,1
0.05,a_and_b,1000000000000.0,1e-06,1,127.41853175766668,qr_ref,0.0,1
0.05,a_and_b,1000000000000.0,1e-06,2,126.46480615428484,iter_sketch_mom,6.866766694334583e-15,0
0.05,a_and_b,1000000000000.0,1e-06,2,126.46480615428484,sketch_pre_cold,1.9337555467014064e-09,0
0.05,a_and_b,1000000000000.0,1e-06,2,126.46480615428484,sketch_pre_warm,7.959482013019455e-11,0
0.05,a_and_b,1000000000000.0,1e-06,2,126.46480615428484,fossils,3.3025259517523087e-16,0
0.05,a_and_b,1000000000000.0,1e-06,2,126.46480615428484,spir,2.0792375118447045e-17,1
0.05,a_and_b,1000000000000.0,1e-06,2,126.46480615428484,qr_ref,0.0,1
0.05,a_and_b,1000000000000.0,1e-06,3,126.51438556402833,iter_sketch_mom,4.328923039323532e-15,0
0.05,a_and_b,1000000000000.0,1e-06,3,126.51438556402833,sketch_pre_cold,2.2142207103924235e-09,0
0.05,a_and_b,1000000000000.0,1e-06,3,126.51438556402833,sketch_pre_warm,2.3191539294433662e-11,0
0.05,a_and_b,1000000000000.0,1e-06,3,126.51438556402833,fossils,1.282513384548556e-16,1
0.05,a_and_b,1000000000000.0,1e-06,3,126.51438556402833,spir,7.575975415935045e-18,1
0.05,a_and_b,1000000000000.0,1e-06,3,126.51438556402833,qr_ref,0.0,1
0.05,a_and_b,1000000000000.0,1e-06,4,127.2644217231347,iter_sketch_mom,5.205247664185028e-15,0
0.05,a_and_b,1000000000000.0,1e-06,4,127.2644217231347,sketch_pre_cold,1.973242908893859e-10,0
0.05,a_and_b,1000000000000.0,1e-06,4,127.2644217231347,sketch_pre_warm,9.978286590949211e-12,0
0.05,a_and_b,1000000000000.0,1e-06,4,127.2644217231347,fossils,1.0454310737939366e-16,1
0.05,a_and_b,1000000000000.0,1e-06,4,127.2644217231347,spir,2.7011374942892442e-17,1
0.05,a_and_b,1000000000000.0,1e-06,4,127.2644217231347,qr_ref,0.0,1
0.05,a_and_b,1000000000000.0,1e-06,5,127.03750936118526,iter_sketch_mom,4.423202404148247e-15,0
0.05,a_and_b,1000000000000.0,1e-06,5,127.03750936118526,sketch_pre_cold,1.3569699103606993e-09,0
0.05,a_and_b,1000000000000.0,1e-06,5,127.03750936118526,sketch_pre_warm,4.2249445622258916e-12,0
0.05,a_and_b,1000000000000.0,1e-06,5,127.03750936118526,fossils,3.100114764172351e-17,1
0.05,a_and_b,1000000000000.0,1e-06,5,127.03750936118526,spir,9.890221022599593e-18,1
0.05,a_and_b,1000000000000.0,1e-06,5,127.03750936118526,qr_ref,0.0,1
0.05,a_and_b,1000000000000.0,1e-06,6,127.02693325550408,iter_sketch_mom,4.770890110074164e-15,0
0.05,a_and_b,1000000000000.0,1e-06,6,127.02693325550408,sketch_pre_cold,4.169278701359853e-09,0
0.05,a_and_b,1000000000000.0,1e-06,6,127.02693325550408,sketch_pre_warm,8.620830983757824e-12,0
0.05,a_and_b,1000000000000.0,1e-06,6,127.02693325550408,fossils,1.4485223761843964e-16,1
0.05,a_and_b,1000000000000.0,1e-06,6,127.02693325550408,spir,1.84223841683632e-17,1
0.05,a_and_b,1000000000000.0,1e-06,6,127.02693325550408,qr_ref,0.0,1
0.05,a_and_b,1000000000000.0,1e-06,7,127.13966451725862,iter_sketch_mom,1.0502448728138653e-14,0
0.05,a_and_b,1000000000000.0,1e-06,7,127.13966451725862,sketch_pre_cold,3.9331636243437315e-09,0
0.05,a_and_b,1000000000000.0,1e-06,7,127.13966451725862,sketch_pre_warm,2.6163247216241016e-11,0
0.05,a_and_b,1000000000000.0,1e-06,7,127.13966451725862,fossils,2.9352933142384213e-15,0
0.05,a_and_b,1000000000000.0,1e-06,7,127.13966451725862,spir,2.5397892345028646e-17,1
0.05,a_and_b,1000000000000.0,1e-06,7,127.13966451725862,qr_ref,0.0,1
0.05,a_and_b,1000000000000.0,1e-06,8,127.04168268563261,iter_sketch_mom,3.1988363469425704e-15,0
0.05,a_and_b,1000000000000.0,1e-06,8,127.04168268563261,sketch_pre_cold,3.1046412146136015e-09,0
0.05,a_and_b,1000000000000.0,1e-06,8,127.04168268563261,sketch_pre_warm,2.3308623038752266e-11,0
0.05,a_and_b,1000000000000.0,1e-06,8,127.04168268563261,fossils,2.0605563268493278e-15,0
0.05,a_and_b,1000000000000.0,1e-06,8,127.04168268563261,spir,2.909017902643169e-17,1
0.05,a_and_b,1000000000000.0,1e-06,8,127.04168268563261,qr_ref,0.0,1
0.05,a_and_b,1000000000000.0,1e-06,9,126.48842391614899,iter_sketch_mom,3.410909697397655e-15,0
0.05,a_and_b,1000000000000.0,1e-06,9,126.48842391614899,sketch_pre_cold,4.864502379253354e-10,0
0.05,a_and_b,1000000000000.0,1e-06,9,126.48842391614899,sketch_pre_warm,1.919942172145298e-11,0
0.05,a_and_b,1000000000000.0,1e-06,9,126.48842391614899,fossils,1.1732616225758768e-16,1
0.05,a_and_b,1000000000000.0,1e-06,9,126.48842391614899,spir,2.116602949886714e-17,1
0.05,a_and_b,1000000000000.0,1e-06,9,126.48842391614899,qr_ref,0.0,1
0.1,a_and_b,1000000.0,1e-06,0,49.65010979804983,iter_sketch_mom,2.5220407028398357e-10,0
0.1,a_and_b,1000000.0,1e-06,0,49.65010979804983,sketch_pre_cold,2.1699678341195234e-09,0
0.1,a_and_b,1000000.0,1e-06,0,49.65010979804983,sketch_pre_warm,3.1754550984913754e-11,0
0.1,a_and_b,1000000.0,1e-06,0,49.65010979804983,fossils,3.6614272221076075e-14,0
0.1,a_and_b,1000000.0,1e-06,0,49.65010979804983,spir,2.420602089835138e-17,1
0.1,a_and_b,1000000.0,1e-06,0,49.65010979804983,qr_ref,0.0,1
0.1,a_and_b,1000000.0,1e-06,1,49.963176353685945,iter_sketch_mom,6.689605871822398e-15,0
0.1,a_and_b,1000000.0,1e-06,1,49.963176353685945,sketch_pre_cold,7.947741658516386e-10,0
0.1,a_and_b,1000000.0,1e-06,1,49.963176353685945,sketch_pre_warm,4.566240218615229e-11,0
0.1,a_and_b,1000000.0,1e-06,1,49.963176353685945,fossils,1.3146799291378647e-16,1
0.1,a_and_b,1000000.0,1e-06,1,49.963176353685945,spir,1.444349871261561e-17,1
0.1,a_and_b,1000000.0,1e-06,1,49.963176353685945,qr_ref,0.0,1
0.1,a_and_b,1000000.0,1e-06,2,50.00921560430742,iter_sketch_mom,7.826839879979923e-15,0
0.1,a_and_b,1000000.0,1e-06,2,50.00921560430742,sketch_pre_cold,4.782974718591031e-09,0
0.1,a_and_b,1000000.0,1e-06,2,50.00921560430742,sketch_pre_warm,8.115193966545508e-11,0
0.1,a_and_b,1000000.0,1e-06,2,50.00921560430742,fossils,6.590735396851055e-15,0
0.1,a_and_b,1000000.0,1e-06,2,50.00921560430742,spir,1.979647327628677e-17,1
0.1,a_and_b,1000000.0,1e-06,2,50.00921560430742,qr_ref,0.0,1
0.1,a_and_b,1000000.0,1e-06,3,50.194906083744826,iter_sketch_mom,3.8916023595708965e-14,0
0.1,a_and_b,1000000.0,1e-06,3,50.194906083744826,sketch_pre_cold,1.1571430947793267e-09,0
0.1,a_and_b,1000000.0,1e-06,3,50.194906083744826,sketch_pre_warm,3.2130645507645576e-11,0
0.1,a_and_b,1000000.0,1e-06,3,50.194906083744826,fossils,1.1451123654924645e-13,0
0.1,a_and_b,1000000.0,1e-06,3,50.194906083744826,spir,2.313402827550588e-17,1
0.1,a_and_b,1000000.0,1e-06,3,50.194906083744826,qr_ref,0.0,1
0.1,a_and_b,1000000.0,1e-06,4,50.277169664481015,iter_sketch_mom,6.274147563707419e-15,0
0.1,a_and_b,1000000.0,1e-06,4,50.277169664481015,sketch_pre_cold,2.997684783603051e-10,0
0.1,a_and_b,1000000.0,1e-06,4,50.277169664481015,sketch_pre_warm,3.917692361933809e-11,0
0.1,a_and_b,1000000.0,1e-06,4,50.277169664481015,fossils,3.3896669112051387e-16,0
0.1,a_and_b,1000000.0,1e-06,4,50.277169664481015,spir,2.6970273849303155e-17,1
0.1,a_and_b,1000000.0,1e-06,4,50.277169664481015,qr_ref,0.0,1
0.1,a_and_b,1000000.0,1e-06,5,50.40488957876304,iter_sketch_mom,3.846311185334115e-15,0
0.1,a_and_b,1000000.0,1e-06,5,50.40488957876304,sketch_pre_cold,3.056224788858669e-10,0
0.1,a_and_b,1000000.0,1e-06,5,50.40488957876304,sketch_pre_warm,6.939574744823798e-12,0
0.1,a_and_b,1000000.0,1e-06,5,50.40488957876304,fossils,3.242953760132929e-16,0
0.1,a_and_b,1000000.0,1e-06,5,50.40488957876304,spir,2.0297547168896616e-17,1
0.1,a_and_b,1000000.0,1e-06,5,50.40488957876304,qr_ref,0.0,1
0.1,a_and_b,1000000.0,1e-06,6,50.163677404831084,iter_sketch_mom,4.1826985552351714e-15,0
0.1,a_and_b,1000000.0,1e-06,6,50.163677404831084,sketch_pre_cold,4.998000933909138e-10,0
0.1,a_and_b,1000000.0,1e-06,6,50.163677404831084,sketch_pre_warm,3.7316412750340435e-11,0
0.1,a_and_b,1000000.0,1e-06,6,50.163677404831084,fossils,1.045489021286663e-15,0
0.1,a_and_b,1000000.0,1e-06,6,50.163677404831084,spir,1.8101228439438772e-17,1
0.1,a_and_b,1000000.0,1e-06,6,50.163677404831084,qr_ref,0.0,1
0.1,a_and_b,1000000.0,1e-06,7,50.1088960849973,iter_sketch_mom,8.498779488851392e-15,0
0.1,a_and_b,1000000.0,1e-06,7,50.1088960849973,sketch_pre_cold,2.1894951585213442e-09,0
0.1,a_and_b,1000000.0,1e-06,7,50.1088960849973,sketch_pre_warm,7.221603513188105e-11,0
0.1,a_and_b,1000000.0,1e-06,7,50.1088960849973,fossils,1.0641557651473039e-15,0
0.1,a_and_b,1000000.0,1e-06,7,50.1088960849973,spir,2.660133549769091e-17,1
0.1,a_and_b,1000000.0,1e-06,7,50.1088960849973,qr_ref,0.0,1
0.1,a_and_b,1000000.0,1e-06,8,50.40727337248405,iter_sketch_mom,5.311858739518404e-15,0
0.1,a_and_b,1000000.0,1e-06,8,50.40727337248405,sketch_pre_cold,1.1351938736790406e-09,0
0.1,a_and_b,1000000.0,1e-06,8,50.40727337248405,sketch_pre_warm,1.552946775965595e-11,0
0.1,a_and_b,1000000.0,1e-06,8,50.40727337248405,fossils,6.664965556761067e-15,0
0.1,a_and_b,1000000.0,1e-06,8,50.40727337248405,spir,2.84727712174147e-17,1
0.1,a_and_b,1000000.0,1e-06,8,50.40727337248405,qr_ref,0.0,1
0.1,a_and_b,1000000.0,1e-06,9,50.09723120411824,iter_sketch_mom,5.1516741927628484e-15,0
0.1,a_and_b,1000000.0,1e-06,9,50.09723120411824,sketch_pre_cold,5.444532025313729e-10,0
0.1,a_and_b,1000000.0,1e-06,9,50.09723120411824,sketch_pre_warm,1.8270886694090224e-11,0
0.1,a_and_b,1000000.0,1e-06,9,50.09723120411824,fossils,1.7960646296218046e-16,1
0.1,a_and_b,1000000.0,1e-06,9,50.09723120411824,spir,1.7459107305531552e-17,1
0.1,a_and_b,1000000.0,1e-06,9,50.09723120411824,qr_ref,0.0,1
0.1,a_and_b,1000000000000.0,1e-06,0,63.72589898845294,iter_sketch_mom,3.653469612050926e-15,0
0.1,a_and_b,1000000000000.0,1e-06,0,63.72589898845294,sketch_pre_cold,7.061183128239805e-10,0
0.1,a_and_b,1000000000000.0,1e-06,0,63.72589898845294,sketch_pre_warm,1.683386389401797e-11,0
0.1,a_and_b,1000000000000.0,1e-06,0,63.72589898845294,fossils,7.603391440276113e-14,0
0.1,a_and_b,1000000000000.0,1e-06,0,63.72589898845294,spir,2.503541123799199e-17,1
0.1,a_and_b,1000000000000.0,1e-06,0,63.72589898845294,qr_ref,0.0,1
0.1,a_and_b,1000000000000.0,1e-06,1,63.77745970412846,iter_sketch_mom,6.140040342059981e-15,0
0.1,a_and_b,1000000000000.0,1e-06,1,63.77745970412846,sketch_pre_cold,3.942982636248504e-10,0
0.1,a_and_b,1000000000000.0,1e-06,1,63.77745970412846,sketch_pre_warm,3.0596919765567174e-11,0
0.1,a_and_b,1000000000000.0,1e-06,1,63.77745970412846,fossils,8.32345145977587e-14,0
0.1,a_and_b,1000000000000.0,1e-06,1,63.77745970412846,spir,1.6667746413683945e-17,1
0.1,a_and_b,1000000000000.0,1e-06,1,63.77745970412846,qr_ref,0.0,1
0.1,a_and_b,1000000000000.0,1e-06,2,63.270635082349884,iter_sketch_mom,6.6484868029132805e-15,0
0.1,a_and_b,1000000000000.0,1e-06,2,63.270635082349884,sketch_pre_cold,1.5116480035909125e-09,0
0.1,a_and_b,1000000000000.0,1e-06,2,63.270635082349884,sketch_pre_warm,1.2444092456588512e-10,0
0.1,a_and_b,1000000000000.0,1e-06,2,63.270635082349884,fossils,6.628035787604498e-16,0
0.1,a_and_b,1000000000000.0,1e-06,2,63.270635082349884,spir,1.951558169846308e-17,1
0.1,a_and_b,1000000000000.0,1e-06,2,63.270635082349884,qr_ref,0.0,1
0.1,a_and_b,1000000000000.0,1e-06,3,63.32041264405389,iter_sketch_mom,3.276930945790226e-15,0
0.1,a_and_b,1000000000000.0,1e-06,3,63.32041264405389,sketch_pre_cold,2.077254853229367e-09,0
0.1,a_and_b,1000000000000.0,1e-06,3,63.32041264405389,sketch_pre_warm,3.734826331391946e-11,0
0.1,a_and_b,1000000000000.0,1e-06,3,63.32041264405389,fossils,1.9911390642159616e-16,1
0.1,a_and_b,1000000000000.0,1e-06,3,63.32041264405389,spir,1.3818444315244075e-17,1
0.1,a_and_b,1000000000000.0,1e-06,3,63.32041264405389,qr_ref,0.0,1
0.1,a_and_b,1000000000000.0,1e-06,4,63.736428286412036,iter_sketch_mom,5.692312323278725e-15,0
0.1,a_and_b,1000000000000.0,1e-06,4,63.736428286412036,sketch_pre_cold,2.1606145679450994e-10,0
0.1,a_and_b,1000000000000.0,1e-06,4,63.736428286412036,sketch_pre_warm,1.3966144068825823e-11,0
0.1,a_and_b,1000000000000.0,1e-06,4,63.736428286412036,fossils,2.764515576817807e-16,1
0.1,a_and_b,1000000000000.0,1e-06,4,63.736428286412036,spir,2.18660318845845e-17,1
0.1,a_and_b,1000000000000.0,1e-06,4,63.736428286412036,qr_ref,0.0,1
0.1,a_and_b,1000000000000.0,1e-06,5,63.61711084629657,iter_sketch_mom,4.647151159350206e-15,0
0.1,a_and_b,1000000000000.0,1e-06,5,63.61711084629657,sketch_pre_cold,1.8343609573906654e-09,0
0.1,a_and_b,1000000000000.0,1e-06,5,63.61711084629657,sketch_pre_warm,6.402062022910184e-12,0
0.1,a_and_b,1000000000000.0,1e-06,5,63.61711084629657,fossils,1.2056868838140136e-16,1
0.1,a_and_b,1000000000000.0,1e-06,5,63.61711084629657,spir,1.0480936260175784e-17,1
0.1,a_and_b,1000000000000.0,1e-06,5,63.61711084629657,qr_ref,0.0,1
0.1,a_and_b,1000000000000.0,1e-06,6,63.59181188516504,iter_sketch_mom,5.497886980318163e-15,0
0.1,a_and_b,1000000000000.0,1e-06,6,63.59181188516504,sketch_pre_cold,5.087634299346829e-09,0
0.1,a_and_b,1000000000000.0,1e-06,6,63.59181188516504,sketch_pre_warm,3.410188343938684e-11,0
0.1,a_and_b,1000000000000.0,1e-06,6,63.59181188516504,fossils,2.383448005492569e-16,1
0.1,a_and_b,1000000000000.0,1e-06,6,63.59181188516504,spir,1.894030649990722e-17,1
0.1,a_and_b,1000000000000.0,1e-06,6,63.59181188516504,qr_ref,0.0,1
0.1,a_and_b,1000000000000.0,1e-06,7,63.62107523868431,iter_sketch_mom,8.813261529582453e-15,0
0.1,a_and_b,1000000000000.0,1e-06,7,63.62107523868431,sketch_pre_cold,2.7791501369719896e-09,0
0.1,a_and_b,1000000000000.0,1e-06,7,63.62107523868431,sketch_pre_warm,3.8196553027855574e-11,0
0.1,a_and_b,1000000000000.0,1e-06,7,63.62107523868431,fossils,4.217396741928086e-15,0
0.1,a_and_b,1000000000000.0,1e-06,7,63.62107523868431,spir,3.1585485798437096e-17,1
0.1,a_and_b,1000000000000.0,1e-06,7,63.62107523868431,qr_ref,0.0,1
0.1,a_and_b,1000000000000.0,1e-06,8,63.53193882100883,iter_sketch_mom,3.576928389664817e-15,0
0.1,a_and_b,1000000000000.0,1e-06,8,63.53193882100883,sketch_pre_cold,3.7340484273664635e-09,0
0.1,a_and_b,1000000000000.0,1e-06,8,63.53193882100883,sketch_pre_warm,4.195336378253314e-11,0
0.1,a_and_b,1000000000000.0,1e-06,8,63.53193882100883,fossils,2.2878043825850994e-15,0
0.1,a_and_b,1000000000000.0,1e-06,8,63.53193882100883,spir,2.8589923681586125e-17,1
0.1,a_and_b,1000000000000.0,1e-06,8,63.53193882100883,qr_ref,0.0,1
0.1,a_and_b,1000000000000.0,1e-06,9,63.32713889114409,iter_sketch_mom,3.385977314288563e-15,0
0.1,a_and_b,1000000000000.0,1e-06,9,63.32713889114409,sketch_pre_cold,2.6270173333551094e-10,0
0.1,a_and_b,1000000000000.0,1e-06,9,63.32713889114409,sketch_pre_warm,4.6539714906135524e-11,0
0.1,a_and_b,1000000000000.0,1e-06,9,63.32713889114409,fossils,2.1620898151312337e-16,1
0.1,a_and_b,1000000000000.0,1e-06,9,63.32713889114409,spir,2.645526625463397e-17,1
0.1,a_and_b,1000000000000.0,1e-06,9,63.32713889114409,qr_ref,0.0,1
